id,title,provider,description,skills_taught,difficulty,duration,url,rating
course_0001,Advanced Microservices and SIEM,Udemy,Learn Microservices from scratch. This course guides you through SIEM and Node.js with practical examples.,"['Microservices', 'SIEM', 'Node.js']",Beginner,12 weeks,https://example.com/courses/1,3.8
course_0002,Professional Prototyping and SQL,Udacity,Master Prototyping and SQL with this comprehensive course. Learn best practices and build real-world projects.,"['Prototyping', 'SQL']",Advanced,10 weeks,https://example.com/courses/2,4.9
course_0003,Advanced Risk Assessment and GCP,DataCamp,Learn Risk Assessment from scratch. This course guides you through GCP and more with practical examples.,"['Risk Assessment', 'GCP']",Intermediate,8 weeks,https://example.com/courses/3,4.9
course_0004,Learn HTML/CSS and Azure,DataCamp,Advanced specialization in HTML/CSS. Deep dive into Azure and master industry-standard tools.,"['HTML/CSS', 'Azure', 'Scikit-learn']",Intermediate,5 weeks,https://example.com/courses/4,3.8
course_0005,Advanced Penetration Testing and Java,Codecademy,Become an expert in Penetration Testing with this intensive training. Includes hands-on labs using Java.,"['Penetration Testing', 'Java']",Advanced,5 weeks,https://example.com/courses/5,4.8
course_0006,Learn Communication and JIRA,Udacity,Master Communication and JIRA with this comprehensive course. Learn best practices and build real-world projects.,"['Communication', 'JIRA', 'Adobe XD']",Advanced,12 weeks,https://example.com/courses/6,4.3
course_0007,Mastering MLOps,Coursera,This course covers the fundamentals of MLOps and advances to complex topics in industry tools. Perfect for beginners and intermediates.,['MLOps'],Intermediate,11 weeks,https://example.com/courses/7,4.9
course_0008,Learn Communication and Wireframing,Udemy,Become an expert in Communication with this intensive training. Includes hands-on labs using Wireframing.,"['Communication', 'Wireframing']",Intermediate,6 weeks,https://example.com/courses/8,3.5
course_0009,Mastering API Design and Selenium,Coursera,This course covers the fundamentals of API Design and advances to complex topics in Selenium. Perfect for beginners and intermediates.,"['API Design', 'Selenium', 'CI/CD']",Advanced,7 weeks,https://example.com/courses/9,4.5
course_0010,Learn Microservices and Prototyping,Udemy,Master Microservices and Prototyping with this comprehensive course. Learn best practices and build real-world projects.,"['Microservices', 'Prototyping']",Beginner,9 weeks,https://example.com/courses/10,3.5
course_0011,Learn Java and HTML,DataCamp,Become an expert in Java with this intensive training. Includes hands-on labs using HTML.,"['Java', 'HTML', 'Responsive Design']",Beginner,7 weeks,https://example.com/courses/11,3.9
course_0012,The Complete Guide to Automation,edX,Learn Automation from scratch. This course guides you through industry tools and more with practical examples.,['Automation'],Advanced,6 weeks,https://example.com/courses/12,4.3
course_0013,Introduction to Tableau and Cloud Computing,Udemy,Master Tableau and Cloud Computing with this comprehensive course. Learn best practices and build real-world projects.,"['Tableau', 'Cloud Computing']",Intermediate,12 weeks,https://example.com/courses/13,4.9
course_0014,Introduction to GCP and React,edX,Master GCP and React with this comprehensive course. Learn best practices and build real-world projects.,"['GCP', 'React']",Advanced,11 weeks,https://example.com/courses/14,4.0
course_0015,Learn Network Security and Pandas,Udemy,Become an expert in Network Security with this intensive training. Includes hands-on labs using Pandas.,"['Network Security', 'Pandas']",Beginner,4 weeks,https://example.com/courses/15,4.9
course_0016,Introduction to Risk Assessment and AWS,Codecademy,Master Risk Assessment and AWS with this comprehensive course. Learn best practices and build real-world projects.,"['Risk Assessment', 'AWS']",Beginner,4 weeks,https://example.com/courses/16,3.6
course_0017,Learn Data Analysis,edX,Advanced specialization in Data Analysis. Deep dive into industry tools and master industry-standard tools.,['Data Analysis'],Intermediate,9 weeks,https://example.com/courses/17,4.8
course_0018,Professional System Design and Excel,DataCamp,This course covers the fundamentals of System Design and advances to complex topics in Excel. Perfect for beginners and intermediates.,"['System Design', 'Excel']",Beginner,5 weeks,https://example.com/courses/18,4.7
course_0019,Professional AWS,DataCamp,This course covers the fundamentals of AWS and advances to complex topics in industry tools. Perfect for beginners and intermediates.,['AWS'],Beginner,12 weeks,https://example.com/courses/19,4.0
course_0020,The Complete Guide to Selenium and Sketch,Udacity,Learn Selenium from scratch. This course guides you through Sketch and Azure with practical examples.,"['Selenium', 'Sketch', 'Azure']",Intermediate,7 weeks,https://example.com/courses/20,4.1
course_0021,Professional Firewalls and HTML/CSS,Udacity,Master Firewalls and HTML/CSS with this comprehensive course. Learn best practices and build real-world projects.,"['Firewalls', 'HTML/CSS']",Intermediate,11 weeks,https://example.com/courses/21,4.3
course_0022,The Complete Guide to Redux,Codecademy,Advanced specialization in Redux. Deep dive into industry tools and master industry-standard tools.,['Redux'],Intermediate,5 weeks,https://example.com/courses/22,4.2
course_0023,Introduction to Agile and Wireframing,Udemy,Learn Agile from scratch. This course guides you through Wireframing and more with practical examples.,"['Agile', 'Wireframing']",Beginner,7 weeks,https://example.com/courses/23,4.7
course_0024,Advanced Jenkins and GCP,Pluralsight,Learn Jenkins from scratch. This course guides you through GCP and more with practical examples.,"['Jenkins', 'GCP']",Advanced,7 weeks,https://example.com/courses/24,4.4
course_0025,Mastering SIEM and Java,DataCamp,Learn SIEM from scratch. This course guides you through Java and GCP with practical examples.,"['SIEM', 'Java', 'GCP']",Intermediate,6 weeks,https://example.com/courses/25,4.8
course_0026,Mastering Ansible and Security,Pluralsight,Master Ansible and Security with this comprehensive course. Learn best practices and build real-world projects.,"['Ansible', 'Security', 'Leadership']",Beginner,4 weeks,https://example.com/courses/26,4.4
course_0027,Advanced Risk Assessment and HTML,Udacity,Learn Risk Assessment from scratch. This course guides you through HTML and more with practical examples.,"['Risk Assessment', 'HTML']",Beginner,5 weeks,https://example.com/courses/27,4.5
course_0028,The Complete Guide to Python and Automation,edX,Advanced specialization in Python. Deep dive into Automation and master industry-standard tools.,"['Python', 'Automation']",Intermediate,11 weeks,https://example.com/courses/28,4.4
course_0029,Advanced API Design and Automation,Udacity,Master API Design and Automation with this comprehensive course. Learn best practices and build real-world projects.,"['API Design', 'Automation']",Beginner,11 weeks,https://example.com/courses/29,4.6
course_0030,Learn Machine Learning,Codecademy,Advanced specialization in Machine Learning. Deep dive into industry tools and master industry-standard tools.,['Machine Learning'],Intermediate,7 weeks,https://example.com/courses/30,4.8
course_0031,Learn Security and Kubernetes,Pluralsight,Learn Security from scratch. This course guides you through Kubernetes and more with practical examples.,"['Security', 'Kubernetes']",Beginner,8 weeks,https://example.com/courses/31,4.1
course_0032,Advanced JavaScript and Risk Assessment,Udemy,This course covers the fundamentals of JavaScript and advances to complex topics in Risk Assessment. Perfect for beginners and intermediates.,"['JavaScript', 'Risk Assessment', 'Ansible']",Advanced,6 weeks,https://example.com/courses/32,4.7
course_0033,Introduction to GCP and Jenkins,Udemy,Become an expert in GCP with this intensive training. Includes hands-on labs using Jenkins.,"['GCP', 'Jenkins', 'Network Security']",Intermediate,12 weeks,https://example.com/courses/33,4.0
course_0034,Introduction to Agile,Coursera,This course covers the fundamentals of Agile and advances to complex topics in industry tools. Perfect for beginners and intermediates.,['Agile'],Beginner,5 weeks,https://example.com/courses/34,3.9
course_0035,Advanced Power BI and Statistics,edX,Advanced specialization in Power BI. Deep dive into Statistics and master industry-standard tools.,"['Power BI', 'Statistics', 'REST APIs']",Beginner,10 weeks,https://example.com/courses/35,3.6
course_0036,Learn Security and Risk Assessment,Udemy,Master Security and Risk Assessment with this comprehensive course. Learn best practices and build real-world projects.,"['Security', 'Risk Assessment', 'Communication']",Beginner,10 weeks,https://example.com/courses/36,3.6
course_0037,Introduction to JavaScript and Sketch,Udemy,Learn JavaScript from scratch. This course guides you through Sketch and Data Analysis with practical examples.,"['JavaScript', 'Sketch', 'Data Analysis']",Advanced,7 weeks,https://example.com/courses/37,3.9
course_0038,Introduction to SIEM and React,edX,Advanced specialization in SIEM. Deep dive into React and master industry-standard tools.,"['SIEM', 'React', 'Penetration Testing']",Beginner,4 weeks,https://example.com/courses/38,3.9
course_0039,Professional PyTorch and Figma,Pluralsight,Master PyTorch and Figma with this comprehensive course. Learn best practices and build real-world projects.,"['PyTorch', 'Figma']",Beginner,7 weeks,https://example.com/courses/39,4.0
course_0040,Advanced User Research,Pluralsight,Become an expert in User Research with this intensive training. Includes hands-on labs using industry tools.,['User Research'],Beginner,6 weeks,https://example.com/courses/40,4.3
course_0041,Learn Data Visualization and Git,DataCamp,Advanced specialization in Data Visualization. Deep dive into Git and master industry-standard tools.,"['Data Visualization', 'Git', 'Prototyping']",Intermediate,6 weeks,https://example.com/courses/41,4.7
course_0042,The Complete Guide to SQL and Figma,Pluralsight,Master SQL and Figma with this comprehensive course. Learn best practices and build real-world projects.,"['SQL', 'Figma']",Advanced,8 weeks,https://example.com/courses/42,4.6
course_0043,Advanced Problem Solving,DataCamp,Become an expert in Problem Solving with this intensive training. Includes hands-on labs using industry tools.,['Problem Solving'],Beginner,11 weeks,https://example.com/courses/43,3.8
course_0044,Learn NoSQL and JavaScript,Udemy,Master NoSQL and JavaScript with this comprehensive course. Learn best practices and build real-world projects.,"['NoSQL', 'JavaScript']",Advanced,11 weeks,https://example.com/courses/44,4.5
course_0045,Advanced NoSQL and Sketch,Udacity,Learn NoSQL from scratch. This course guides you through Sketch and more with practical examples.,"['NoSQL', 'Sketch']",Intermediate,7 weeks,https://example.com/courses/45,4.9
course_0046,Introduction to Docker and AWS,DataCamp,Become an expert in Docker with this intensive training. Includes hands-on labs using AWS.,"['Docker', 'AWS']",Intermediate,6 weeks,https://example.com/courses/46,4.9
course_0047,Mastering Security and CSS,DataCamp,Learn Security from scratch. This course guides you through CSS and more with practical examples.,"['Security', 'CSS']",Intermediate,12 weeks,https://example.com/courses/47,3.8
course_0048,Professional Python and GCP,Udacity,Advanced specialization in Python. Deep dive into GCP and master industry-standard tools.,"['Python', 'GCP']",Advanced,4 weeks,https://example.com/courses/48,4.3
course_0049,Mastering Statistics and TensorFlow,Coursera,Learn Statistics from scratch. This course guides you through TensorFlow and more with practical examples.,"['Statistics', 'TensorFlow']",Beginner,9 weeks,https://example.com/courses/49,3.9
course_0050,Mastering Java and Adobe XD,Codecademy,Advanced specialization in Java. Deep dive into Adobe XD and master industry-standard tools.,"['Java', 'Adobe XD', 'MLOps']",Intermediate,10 weeks,https://example.com/courses/50,3.5
course_0051,Professional Tableau,Coursera,This course covers the fundamentals of Tableau and advances to complex topics in industry tools. Perfect for beginners and intermediates.,['Tableau'],Intermediate,10 weeks,https://example.com/courses/51,4.1
course_0052,Mastering Problem Solving and Product Strategy,Pluralsight,Learn Problem Solving from scratch. This course guides you through Product Strategy and more with practical examples.,"['Problem Solving', 'Product Strategy']",Advanced,7 weeks,https://example.com/courses/52,4.5
course_0053,Mastering Java and Pandas,Udemy,Advanced specialization in Java. Deep dive into Pandas and master industry-standard tools.,"['Java', 'Pandas']",Beginner,8 weeks,https://example.com/courses/53,4.2
course_0054,Professional User Research and Agile,Coursera,Master User Research and Agile with this comprehensive course. Learn best practices and build real-world projects.,"['User Research', 'Agile']",Advanced,11 weeks,https://example.com/courses/54,4.7
course_0055,The Complete Guide to Prototyping and Microservices,Udemy,Learn Prototyping from scratch. This course guides you through Microservices and Ansible with practical examples.,"['Prototyping', 'Microservices', 'Ansible']",Beginner,6 weeks,https://example.com/courses/55,4.5
course_0056,The Complete Guide to Azure and Prototyping,DataCamp,Advanced specialization in Azure. Deep dive into Prototyping and master industry-standard tools.,"['Azure', 'Prototyping', 'MLOps']",Beginner,8 weeks,https://example.com/courses/56,4.6
course_0057,Mastering JIRA,Pluralsight,Learn JIRA from scratch. This course guides you through industry tools and more with practical examples.,['JIRA'],Advanced,10 weeks,https://example.com/courses/57,4.2
course_0058,Mastering Tableau and API Design,edX,Master Tableau and API Design with this comprehensive course. Learn best practices and build real-world projects.,"['Tableau', 'API Design']",Intermediate,4 weeks,https://example.com/courses/58,4.5
course_0059,Professional JavaScript,edX,Master JavaScript and industry tools with this comprehensive course. Learn best practices and build real-world projects.,['JavaScript'],Intermediate,10 weeks,https://example.com/courses/59,4.2
course_0060,The Complete Guide to GCP and Cloud Computing,Pluralsight,Become an expert in GCP with this intensive training. Includes hands-on labs using Cloud Computing.,"['GCP', 'Cloud Computing']",Advanced,12 weeks,https://example.com/courses/60,4.6
course_0061,Mastering HTML/CSS and Prototyping,Udemy,This course covers the fundamentals of HTML/CSS and advances to complex topics in Prototyping. Perfect for beginners and intermediates.,"['HTML/CSS', 'Prototyping']",Intermediate,8 weeks,https://example.com/courses/61,4.2
course_0062,Mastering Scikit-learn and Java,Pluralsight,This course covers the fundamentals of Scikit-learn and advances to complex topics in Java. Perfect for beginners and intermediates.,"['Scikit-learn', 'Java']",Advanced,6 weeks,https://example.com/courses/62,4.4
course_0063,Advanced AWS,Udacity,Master AWS and industry tools with this comprehensive course. Learn best practices and build real-world projects.,['AWS'],Beginner,9 weeks,https://example.com/courses/63,4.2
course_0064,The Complete Guide to Microservices,Pluralsight,Become an expert in Microservices with this intensive training. Includes hands-on labs using industry tools.,['Microservices'],Intermediate,9 weeks,https://example.com/courses/64,4.7
course_0065,Mastering Redux,Udemy,This course covers the fundamentals of Redux and advances to complex topics in industry tools. Perfect for beginners and intermediates.,['Redux'],Advanced,6 weeks,https://example.com/courses/65,3.9
course_0066,Mastering Figma and Prototyping,DataCamp,Advanced specialization in Figma. Deep dive into Prototyping and master industry-standard tools.,"['Figma', 'Prototyping']",Intermediate,5 weeks,https://example.com/courses/66,4.3
course_0067,Introduction to Firewalls and NoSQL,Coursera,Master Firewalls and NoSQL with this comprehensive course. Learn best practices and build real-world projects.,"['Firewalls', 'NoSQL']",Advanced,10 weeks,https://example.com/courses/67,3.8
course_0068,The Complete Guide to HTML/CSS,Udacity,This course covers the fundamentals of HTML/CSS and advances to complex topics in industry tools. Perfect for beginners and intermediates.,['HTML/CSS'],Advanced,8 weeks,https://example.com/courses/68,3.6
course_0069,Mastering Problem Solving and Excel,Udemy,Learn Problem Solving from scratch. This course guides you through Excel and more with practical examples.,"['Problem Solving', 'Excel']",Intermediate,4 weeks,https://example.com/courses/69,3.8
course_0070,Learn Terraform and Prototyping,Udemy,Master Terraform and Prototyping with this comprehensive course. Learn best practices and build real-world projects.,"['Terraform', 'Prototyping', 'System Design']",Advanced,10 weeks,https://example.com/courses/70,4.4
course_0071,Introduction to Selenium and Communication,Udacity,Learn Selenium from scratch. This course guides you through Communication and more with practical examples.,"['Selenium', 'Communication']",Beginner,8 weeks,https://example.com/courses/71,4.9
course_0072,Professional Scikit-learn and User Research,Udacity,Master Scikit-learn and User Research with this comprehensive course. Learn best practices and build real-world projects.,"['Scikit-learn', 'User Research', 'Agile']",Beginner,5 weeks,https://example.com/courses/72,3.8
course_0073,Learn PyTorch and REST APIs,Codecademy,Become an expert in PyTorch with this intensive training. Includes hands-on labs using REST APIs.,"['PyTorch', 'REST APIs', 'Network Security']",Beginner,7 weeks,https://example.com/courses/73,3.9
course_0074,Professional CI/CD,Udemy,Advanced specialization in CI/CD. Deep dive into industry tools and master industry-standard tools.,['CI/CD'],Advanced,9 weeks,https://example.com/courses/74,4.2
course_0075,The Complete Guide to SQL and Linux,edX,Learn SQL from scratch. This course guides you through Linux and Networking with practical examples.,"['SQL', 'Linux', 'Networking']",Intermediate,9 weeks,https://example.com/courses/75,4.5
course_0076,Introduction to AWS,edX,Master AWS and industry tools with this comprehensive course. Learn best practices and build real-world projects.,['AWS'],Intermediate,9 weeks,https://example.com/courses/76,4.0
course_0077,Learn Scripting,Udemy,Learn Scripting from scratch. This course guides you through industry tools and more with practical examples.,['Scripting'],Intermediate,7 weeks,https://example.com/courses/77,3.8
course_0078,Advanced Responsive Design and Machine Learning,Udemy,Advanced specialization in Responsive Design. Deep dive into Machine Learning and master industry-standard tools.,"['Responsive Design', 'Machine Learning', 'Networking']",Advanced,12 weeks,https://example.com/courses/78,3.6
course_0079,Mastering JIRA and Leadership,Coursera,This course covers the fundamentals of JIRA and advances to complex topics in Leadership. Perfect for beginners and intermediates.,"['JIRA', 'Leadership']",Advanced,8 weeks,https://example.com/courses/79,4.3
course_0080,Learn Terraform and Product Strategy,edX,Advanced specialization in Terraform. Deep dive into Product Strategy and master industry-standard tools.,"['Terraform', 'Product Strategy', 'Problem Solving']",Beginner,7 weeks,https://example.com/courses/80,5.0
course_0081,Mastering Redux,Codecademy,Learn Redux from scratch. This course guides you through industry tools and more with practical examples.,['Redux'],Advanced,7 weeks,https://example.com/courses/81,3.5
course_0082,Professional Ansible and React,Coursera,Advanced specialization in Ansible. Deep dive into React and master industry-standard tools.,"['Ansible', 'React']",Intermediate,9 weeks,https://example.com/courses/82,4.0
course_0083,Advanced Tableau and TypeScript,Udemy,Become an expert in Tableau with this intensive training. Includes hands-on labs using TypeScript.,"['Tableau', 'TypeScript', 'Machine Learning']",Advanced,8 weeks,https://example.com/courses/83,4.9
course_0084,Introduction to Wireframing and Scikit-learn,Coursera,Advanced specialization in Wireframing. Deep dive into Scikit-learn and master industry-standard tools.,"['Wireframing', 'Scikit-learn', 'Data Analysis']",Intermediate,7 weeks,https://example.com/courses/84,4.9
course_0085,Advanced Leadership,edX,Master Leadership and industry tools with this comprehensive course. Learn best practices and build real-world projects.,['Leadership'],Intermediate,9 weeks,https://example.com/courses/85,3.8
course_0086,Professional Product Strategy and Prototyping,Coursera,Master Product Strategy and Prototyping with this comprehensive course. Learn best practices and build real-world projects.,"['Product Strategy', 'Prototyping', 'Terraform']",Advanced,11 weeks,https://example.com/courses/86,3.6
course_0087,Advanced Java and Adobe XD,Udacity,This course covers the fundamentals of Java and advances to complex topics in Adobe XD. Perfect for beginners and intermediates.,"['Java', 'Adobe XD']",Beginner,7 weeks,https://example.com/courses/87,4.7
course_0088,Mastering HTML and System Design,Pluralsight,Master HTML and System Design with this comprehensive course. Learn best practices and build real-world projects.,"['HTML', 'System Design', 'CI/CD']",Beginner,4 weeks,https://example.com/courses/88,4.4
course_0089,Introduction to Scikit-learn,Udemy,Master Scikit-learn and industry tools with this comprehensive course. Learn best practices and build real-world projects.,['Scikit-learn'],Intermediate,7 weeks,https://example.com/courses/89,4.9
course_0090,Learn Security and Figma,Udemy,Master Security and Figma with this comprehensive course. Learn best practices and build real-world projects.,"['Security', 'Figma', 'Machine Learning']",Intermediate,5 weeks,https://example.com/courses/90,4.7
course_0091,Professional Product Strategy and Terraform,Codecademy,Master Product Strategy and Terraform with this comprehensive course. Learn best practices and build real-world projects.,"['Product Strategy', 'Terraform', 'Adobe XD']",Intermediate,10 weeks,https://example.com/courses/91,4.3
course_0092,The Complete Guide to Leadership,Codecademy,Become an expert in Leadership with this intensive training. Includes hands-on labs using industry tools.,['Leadership'],Advanced,8 weeks,https://example.com/courses/92,4.7
course_0093,The Complete Guide to Prototyping,DataCamp,Advanced specialization in Prototyping. Deep dive into industry tools and master industry-standard tools.,['Prototyping'],Beginner,4 weeks,https://example.com/courses/93,3.8
course_0094,The Complete Guide to Adobe XD and Data Visualization,edX,Advanced specialization in Adobe XD. Deep dive into Data Visualization and master industry-standard tools.,"['Adobe XD', 'Data Visualization', 'Docker']",Intermediate,10 weeks,https://example.com/courses/94,4.9
course_0095,Introduction to CSS and TypeScript,edX,Advanced specialization in CSS. Deep dive into TypeScript and master industry-standard tools.,"['CSS', 'TypeScript', 'API Design']",Intermediate,7 weeks,https://example.com/courses/95,3.9
course_0096,The Complete Guide to Automation and TensorFlow,Pluralsight,Learn Automation from scratch. This course guides you through TensorFlow and more with practical examples.,"['Automation', 'TensorFlow']",Beginner,4 weeks,https://example.com/courses/96,4.8
course_0097,Mastering Data Analysis and Figma,Coursera,This course covers the fundamentals of Data Analysis and advances to complex topics in Figma. Perfect for beginners and intermediates.,"['Data Analysis', 'Figma']",Advanced,12 weeks,https://example.com/courses/97,4.6
course_0098,Introduction to Wireframing,Codecademy,Advanced specialization in Wireframing. Deep dive into industry tools and master industry-standard tools.,['Wireframing'],Advanced,6 weeks,https://example.com/courses/98,4.8
course_0099,The Complete Guide to Machine Learning and Risk Assessment,Udemy,Master Machine Learning and Risk Assessment with this comprehensive course. Learn best practices and build real-world projects.,"['Machine Learning', 'Risk Assessment', 'User Research']",Advanced,12 weeks,https://example.com/courses/99,4.3
course_0100,Learn JIRA and TensorFlow,Pluralsight,This course covers the fundamentals of JIRA and advances to complex topics in TensorFlow. Perfect for beginners and intermediates.,"['JIRA', 'TensorFlow', 'Azure']",Intermediate,8 weeks,https://example.com/courses/100,4.4
course_0101,Introduction to AWS and Power BI,Udemy,Learn AWS from scratch. This course guides you through Power BI and Responsive Design with practical examples.,"['AWS', 'Power BI', 'Responsive Design']",Advanced,8 weeks,https://example.com/courses/101,4.0
course_0102,Professional Redux,Udemy,Master Redux and industry tools with this comprehensive course. Learn best practices and build real-world projects.,['Redux'],Beginner,11 weeks,https://example.com/courses/102,4.5
course_0103,Mastering Product Strategy,edX,Learn Product Strategy from scratch. This course guides you through industry tools and more with practical examples.,['Product Strategy'],Advanced,6 weeks,https://example.com/courses/103,4.0
course_0104,Introduction to Firewalls and Tableau,Coursera,Become an expert in Firewalls with this intensive training. Includes hands-on labs using Tableau.,"['Firewalls', 'Tableau', 'SIEM']",Beginner,12 weeks,https://example.com/courses/104,3.6
course_0105,Advanced Power BI and MLOps,edX,Become an expert in Power BI with this intensive training. Includes hands-on labs using MLOps.,"['Power BI', 'MLOps', 'API Design']",Beginner,5 weeks,https://example.com/courses/105,3.9
course_0106,The Complete Guide to Roadmapping and MLOps,Udacity,This course covers the fundamentals of Roadmapping and advances to complex topics in MLOps. Perfect for beginners and intermediates.,"['Roadmapping', 'MLOps']",Intermediate,12 weeks,https://example.com/courses/106,4.0
course_0107,Advanced Docker and NoSQL,Codecademy,Become an expert in Docker with this intensive training. Includes hands-on labs using NoSQL.,"['Docker', 'NoSQL']",Beginner,6 weeks,https://example.com/courses/107,4.2
course_0108,The Complete Guide to Problem Solving,edX,Learn Problem Solving from scratch. This course guides you through industry tools and more with practical examples.,['Problem Solving'],Beginner,6 weeks,https://example.com/courses/108,4.0
course_0109,The Complete Guide to Jenkins and Statistics,Codecademy,Become an expert in Jenkins with this intensive training. Includes hands-on labs using Statistics.,"['Jenkins', 'Statistics', 'User Research']",Advanced,10 weeks,https://example.com/courses/109,3.7
course_0110,Introduction to React and Selenium,Udemy,Learn React from scratch. This course guides you through Selenium and Firewalls with practical examples.,"['React', 'Selenium', 'Firewalls']",Intermediate,12 weeks,https://example.com/courses/110,3.6
course_0111,Mastering NoSQL and Communication,Coursera,Learn NoSQL from scratch. This course guides you through Communication and System Design with practical examples.,"['NoSQL', 'Communication', 'System Design']",Beginner,9 weeks,https://example.com/courses/111,4.0
course_0112,Mastering Adobe XD and Risk Assessment,Udemy,Master Adobe XD and Risk Assessment with this comprehensive course. Learn best practices and build real-world projects.,"['Adobe XD', 'Risk Assessment', 'Jenkins']",Beginner,6 weeks,https://example.com/courses/112,4.6
course_0113,Professional Communication and Azure,Codecademy,Master Communication and Azure with this comprehensive course. Learn best practices and build real-world projects.,"['Communication', 'Azure', 'Python']",Beginner,9 weeks,https://example.com/courses/113,4.3
course_0114,Mastering Linux,Udacity,This course covers the fundamentals of Linux and advances to complex topics in industry tools. Perfect for beginners and intermediates.,['Linux'],Beginner,9 weeks,https://example.com/courses/114,3.5
course_0115,Learn User Research and Scripting,Codecademy,Advanced specialization in User Research. Deep dive into Scripting and master industry-standard tools.,"['User Research', 'Scripting']",Beginner,8 weeks,https://example.com/courses/115,4.8
course_0116,The Complete Guide to CSS and Azure,Codecademy,Learn CSS from scratch. This course guides you through Azure and more with practical examples.,"['CSS', 'Azure']",Intermediate,6 weeks,https://example.com/courses/116,4.5
course_0117,Mastering Excel and Problem Solving,edX,Learn Excel from scratch. This course guides you through Problem Solving and more with practical examples.,"['Excel', 'Problem Solving']",Intermediate,10 weeks,https://example.com/courses/117,3.6
course_0118,Advanced Responsive Design,Codecademy,Become an expert in Responsive Design with this intensive training. Includes hands-on labs using industry tools.,['Responsive Design'],Beginner,12 weeks,https://example.com/courses/118,4.5
course_0119,Learn Machine Learning,Pluralsight,This course covers the fundamentals of Machine Learning and advances to complex topics in industry tools. Perfect for beginners and intermediates.,['Machine Learning'],Beginner,10 weeks,https://example.com/courses/119,4.6
course_0120,The Complete Guide to MLOps and CSS,Codecademy,Advanced specialization in MLOps. Deep dive into CSS and master industry-standard tools.,"['MLOps', 'CSS', 'Statistics']",Beginner,5 weeks,https://example.com/courses/120,3.8
course_0121,Mastering AWS and Azure,DataCamp,This course covers the fundamentals of AWS and advances to complex topics in Azure. Perfect for beginners and intermediates.,"['AWS', 'Azure']",Intermediate,10 weeks,https://example.com/courses/121,4.6
course_0122,The Complete Guide to Jenkins and API Design,Codecademy,Master Jenkins and API Design with this comprehensive course. Learn best practices and build real-world projects.,"['Jenkins', 'API Design']",Beginner,12 weeks,https://example.com/courses/122,3.5
course_0123,Introduction to Ansible and Redux,Coursera,Advanced specialization in Ansible. Deep dive into Redux and master industry-standard tools.,"['Ansible', 'Redux']",Beginner,4 weeks,https://example.com/courses/123,4.4
course_0124,Advanced Jenkins and Kubernetes,Coursera,Advanced specialization in Jenkins. Deep dive into Kubernetes and master industry-standard tools.,"['Jenkins', 'Kubernetes']",Beginner,12 weeks,https://example.com/courses/124,4.2
course_0125,The Complete Guide to Selenium,edX,This course covers the fundamentals of Selenium and advances to complex topics in industry tools. Perfect for beginners and intermediates.,['Selenium'],Intermediate,8 weeks,https://example.com/courses/125,3.8
course_0126,Professional TypeScript and Power BI,DataCamp,Master TypeScript and Power BI with this comprehensive course. Learn best practices and build real-world projects.,"['TypeScript', 'Power BI']",Advanced,7 weeks,https://example.com/courses/126,5.0
course_0127,Learn Roadmapping,Codecademy,Become an expert in Roadmapping with this intensive training. Includes hands-on labs using industry tools.,['Roadmapping'],Intermediate,6 weeks,https://example.com/courses/127,4.6
course_0128,Mastering Automation,Udemy,Become an expert in Automation with this intensive training. Includes hands-on labs using industry tools.,['Automation'],Advanced,11 weeks,https://example.com/courses/128,4.9
course_0129,Professional Network Security,Pluralsight,Master Network Security and industry tools with this comprehensive course. Learn best practices and build real-world projects.,['Network Security'],Beginner,11 weeks,https://example.com/courses/129,3.8
course_0130,Learn Penetration Testing and Firewalls,Coursera,This course covers the fundamentals of Penetration Testing and advances to complex topics in Firewalls. Perfect for beginners and intermediates.,"['Penetration Testing', 'Firewalls', 'Ansible']",Intermediate,7 weeks,https://example.com/courses/130,4.4
course_0131,Learn User Research and Azure,Udacity,Become an expert in User Research with this intensive training. Includes hands-on labs using Azure.,"['User Research', 'Azure', 'Jenkins']",Beginner,7 weeks,https://example.com/courses/131,3.8
course_0132,Advanced CI/CD and Problem Solving,DataCamp,Learn CI/CD from scratch. This course guides you through Problem Solving and more with practical examples.,"['CI/CD', 'Problem Solving']",Intermediate,12 weeks,https://example.com/courses/132,4.7
course_0133,The Complete Guide to Java and Responsive Design,Coursera,Learn Java from scratch. This course guides you through Responsive Design and more with practical examples.,"['Java', 'Responsive Design']",Beginner,7 weeks,https://example.com/courses/133,3.8
course_0134,Learn Scikit-learn,Udemy,Advanced specialization in Scikit-learn. Deep dive into industry tools and master industry-standard tools.,['Scikit-learn'],Advanced,5 weeks,https://example.com/courses/134,4.4
course_0135,The Complete Guide to Azure and Prototyping,edX,Become an expert in Azure with this intensive training. Includes hands-on labs using Prototyping.,"['Azure', 'Prototyping']",Advanced,5 weeks,https://example.com/courses/135,4.6
course_0136,Advanced Adobe XD,Coursera,Become an expert in Adobe XD with this intensive training. Includes hands-on labs using industry tools.,['Adobe XD'],Beginner,12 weeks,https://example.com/courses/136,4.6
course_0137,The Complete Guide to NoSQL,Udacity,Master NoSQL and industry tools with this comprehensive course. Learn best practices and build real-world projects.,['NoSQL'],Beginner,4 weeks,https://example.com/courses/137,4.5
course_0138,Advanced Terraform and Node.js,Udemy,Master Terraform and Node.js with this comprehensive course. Learn best practices and build real-world projects.,"['Terraform', 'Node.js']",Advanced,6 weeks,https://example.com/courses/138,4.5
course_0139,Learn Pandas,Codecademy,Learn Pandas from scratch. This course guides you through industry tools and more with practical examples.,['Pandas'],Beginner,9 weeks,https://example.com/courses/139,4.0
course_0140,The Complete Guide to Node.js and MLOps,Codecademy,Become an expert in Node.js with this intensive training. Includes hands-on labs using MLOps.,"['Node.js', 'MLOps', 'Jenkins']",Beginner,11 weeks,https://example.com/courses/140,4.3
course_0141,Professional Statistics,Udemy,Learn Statistics from scratch. This course guides you through industry tools and more with practical examples.,['Statistics'],Intermediate,4 weeks,https://example.com/courses/141,4.7
course_0142,Learn JavaScript,Pluralsight,Become an expert in JavaScript with this intensive training. Includes hands-on labs using industry tools.,['JavaScript'],Intermediate,11 weeks,https://example.com/courses/142,3.9
course_0143,Advanced JavaScript and REST APIs,Udacity,This course covers the fundamentals of JavaScript and advances to complex topics in REST APIs. Perfect for beginners and intermediates.,"['JavaScript', 'REST APIs', 'Roadmapping']",Advanced,12 weeks,https://example.com/courses/143,4.8
course_0144,The Complete Guide to Redux,Udacity,Master Redux and industry tools with this comprehensive course. Learn best practices and build real-world projects.,['Redux'],Advanced,7 weeks,https://example.com/courses/144,3.5
course_0145,Professional REST APIs,Codecademy,Advanced specialization in REST APIs. Deep dive into industry tools and master industry-standard tools.,['REST APIs'],Beginner,5 weeks,https://example.com/courses/145,4.0
course_0146,Advanced Selenium,edX,Master Selenium and industry tools with this comprehensive course. Learn best practices and build real-world projects.,['Selenium'],Beginner,11 weeks,https://example.com/courses/146,3.9
course_0147,Learn Java,Pluralsight,Become an expert in Java with this intensive training. Includes hands-on labs using industry tools.,['Java'],Beginner,7 weeks,https://example.com/courses/147,3.7
course_0148,Introduction to Adobe XD,Udemy,Become an expert in Adobe XD with this intensive training. Includes hands-on labs using industry tools.,['Adobe XD'],Intermediate,8 weeks,https://example.com/courses/148,3.7
course_0149,Learn HTML/CSS,Coursera,Advanced specialization in HTML/CSS. Deep dive into industry tools and master industry-standard tools.,['HTML/CSS'],Beginner,10 weeks,https://example.com/courses/149,3.8
course_0150,Advanced Communication and SQL,Pluralsight,Master Communication and SQL with this comprehensive course. Learn best practices and build real-world projects.,"['Communication', 'SQL', 'Risk Assessment']",Advanced,11 weeks,https://example.com/courses/150,4.6
course_0151,Mastering Firewalls and Azure,Udacity,Learn Firewalls from scratch. This course guides you through Azure and more with practical examples.,"['Firewalls', 'Azure']",Intermediate,8 weeks,https://example.com/courses/151,3.8
course_0152,Professional Security and Tableau,edX,Advanced specialization in Security. Deep dive into Tableau and master industry-standard tools.,"['Security', 'Tableau']",Beginner,5 weeks,https://example.com/courses/152,4.1
course_0153,Mastering Microservices and Data Visualization,Pluralsight,Become an expert in Microservices with this intensive training. Includes hands-on labs using Data Visualization.,"['Microservices', 'Data Visualization', 'Security']",Intermediate,8 weeks,https://example.com/courses/153,4.6
course_0154,Advanced Communication and HTML/CSS,DataCamp,This course covers the fundamentals of Communication and advances to complex topics in HTML/CSS. Perfect for beginners and intermediates.,"['Communication', 'HTML/CSS']",Intermediate,11 weeks,https://example.com/courses/154,3.6
course_0155,Professional Git and Security,Coursera,This course covers the fundamentals of Git and advances to complex topics in Security. Perfect for beginners and intermediates.,"['Git', 'Security', 'CI/CD']",Intermediate,10 weeks,https://example.com/courses/155,4.5
course_0156,Advanced Docker and Testing,Pluralsight,Advanced specialization in Docker. Deep dive into Testing and master industry-standard tools.,"['Docker', 'Testing']",Advanced,10 weeks,https://example.com/courses/156,4.4
course_0157,Advanced Adobe XD and Terraform,Udacity,Master Adobe XD and Terraform with this comprehensive course. Learn best practices and build real-world projects.,"['Adobe XD', 'Terraform']",Beginner,9 weeks,https://example.com/courses/157,4.8
course_0158,Mastering HTML and Linux,Udacity,Advanced specialization in HTML. Deep dive into Linux and master industry-standard tools.,"['HTML', 'Linux', 'Scripting']",Intermediate,9 weeks,https://example.com/courses/158,4.7
course_0159,Introduction to Data Analysis and Responsive Design,Pluralsight,Advanced specialization in Data Analysis. Deep dive into Responsive Design and master industry-standard tools.,"['Data Analysis', 'Responsive Design']",Advanced,6 weeks,https://example.com/courses/159,4.9
course_0160,Advanced Kubernetes and Communication,Udacity,Become an expert in Kubernetes with this intensive training. Includes hands-on labs using Communication.,"['Kubernetes', 'Communication', 'Prototyping']",Beginner,8 weeks,https://example.com/courses/160,3.8
course_0161,The Complete Guide to Machine Learning,edX,This course covers the fundamentals of Machine Learning and advances to complex topics in industry tools. Perfect for beginners and intermediates.,['Machine Learning'],Advanced,12 weeks,https://example.com/courses/161,4.6
course_0162,Learn Firewalls and Microservices,DataCamp,Learn Firewalls from scratch. This course guides you through Microservices and Node.js with practical examples.,"['Firewalls', 'Microservices', 'Node.js']",Beginner,12 weeks,https://example.com/courses/162,4.2
course_0163,Professional Penetration Testing and JavaScript,edX,Learn Penetration Testing from scratch. This course guides you through JavaScript and Scikit-learn with practical examples.,"['Penetration Testing', 'JavaScript', 'Scikit-learn']",Intermediate,8 weeks,https://example.com/courses/163,4.6
course_0164,Mastering Selenium and Network Security,Pluralsight,Advanced specialization in Selenium. Deep dive into Network Security and master industry-standard tools.,"['Selenium', 'Network Security']",Advanced,7 weeks,https://example.com/courses/164,4.4
course_0165,Advanced Kubernetes,Codecademy,This course covers the fundamentals of Kubernetes and advances to complex topics in industry tools. Perfect for beginners and intermediates.,['Kubernetes'],Intermediate,9 weeks,https://example.com/courses/165,3.7
course_0166,Advanced TensorFlow,Udacity,Advanced specialization in TensorFlow. Deep dive into industry tools and master industry-standard tools.,['TensorFlow'],Advanced,11 weeks,https://example.com/courses/166,3.6
course_0167,Mastering Communication and Kubernetes,Pluralsight,This course covers the fundamentals of Communication and advances to complex topics in Kubernetes. Perfect for beginners and intermediates.,"['Communication', 'Kubernetes', 'Responsive Design']",Advanced,5 weeks,https://example.com/courses/167,4.5
course_0168,The Complete Guide to Scikit-learn and Statistics,Pluralsight,This course covers the fundamentals of Scikit-learn and advances to complex topics in Statistics. Perfect for beginners and intermediates.,"['Scikit-learn', 'Statistics', 'CI/CD']",Beginner,11 weeks,https://example.com/courses/168,4.4
course_0169,Introduction to React and Leadership,Udacity,Master React and Leadership with this comprehensive course. Learn best practices and build real-world projects.,"['React', 'Leadership', 'JIRA']",Beginner,9 weeks,https://example.com/courses/169,4.3
course_0170,Learn Penetration Testing,Codecademy,This course covers the fundamentals of Penetration Testing and advances to complex topics in industry tools. Perfect for beginners and intermediates.,['Penetration Testing'],Beginner,6 weeks,https://example.com/courses/170,4.1
course_0171,Introduction to JIRA and Microservices,Pluralsight,This course covers the fundamentals of JIRA and advances to complex topics in Microservices. Perfect for beginners and intermediates.,"['JIRA', 'Microservices', 'Responsive Design']",Intermediate,8 weeks,https://example.com/courses/171,5.0
course_0172,Introduction to TensorFlow,edX,Advanced specialization in TensorFlow. Deep dive into industry tools and master industry-standard tools.,['TensorFlow'],Advanced,8 weeks,https://example.com/courses/172,4.7
course_0173,Mastering TensorFlow,Codecademy,Master TensorFlow and industry tools with this comprehensive course. Learn best practices and build real-world projects.,['TensorFlow'],Advanced,8 weeks,https://example.com/courses/173,4.5
course_0174,Learn Linux,Coursera,Become an expert in Linux with this intensive training. Includes hands-on labs using industry tools.,['Linux'],Intermediate,4 weeks,https://example.com/courses/174,3.8
course_0175,Learn Leadership and User Research,Pluralsight,Learn Leadership from scratch. This course guides you through User Research and more with practical examples.,"['Leadership', 'User Research']",Beginner,4 weeks,https://example.com/courses/175,4.8
course_0176,The Complete Guide to REST APIs,Udemy,Learn REST APIs from scratch. This course guides you through industry tools and more with practical examples.,['REST APIs'],Beginner,7 weeks,https://example.com/courses/176,4.2
course_0177,Professional Product Strategy and Jenkins,Udacity,Learn Product Strategy from scratch. This course guides you through Jenkins and more with practical examples.,"['Product Strategy', 'Jenkins']",Intermediate,4 weeks,https://example.com/courses/177,4.7
course_0178,Mastering User Research and Statistics,Codecademy,Learn User Research from scratch. This course guides you through Statistics and more with practical examples.,"['User Research', 'Statistics']",Beginner,10 weeks,https://example.com/courses/178,4.0
course_0179,Introduction to React,edX,Master React and industry tools with this comprehensive course. Learn best practices and build real-world projects.,['React'],Beginner,10 weeks,https://example.com/courses/179,4.9
course_0180,Introduction to Security and JavaScript,Coursera,Become an expert in Security with this intensive training. Includes hands-on labs using JavaScript.,"['Security', 'JavaScript']",Advanced,5 weeks,https://example.com/courses/180,3.8
course_0181,Learn Power BI and Machine Learning,edX,Advanced specialization in Power BI. Deep dive into Machine Learning and master industry-standard tools.,"['Power BI', 'Machine Learning']",Advanced,11 weeks,https://example.com/courses/181,4.4
course_0182,The Complete Guide to Scikit-learn,Udemy,Become an expert in Scikit-learn with this intensive training. Includes hands-on labs using industry tools.,['Scikit-learn'],Advanced,10 weeks,https://example.com/courses/182,4.2
course_0183,Learn CSS and System Design,Udacity,Advanced specialization in CSS. Deep dive into System Design and master industry-standard tools.,"['CSS', 'System Design']",Advanced,10 weeks,https://example.com/courses/183,3.7
course_0184,Learn Adobe XD and Network Security,Pluralsight,Learn Adobe XD from scratch. This course guides you through Network Security and Power BI with practical examples.,"['Adobe XD', 'Network Security', 'Power BI']",Advanced,8 weeks,https://example.com/courses/184,4.5
course_0185,Professional Selenium and Node.js,Udacity,This course covers the fundamentals of Selenium and advances to complex topics in Node.js. Perfect for beginners and intermediates.,"['Selenium', 'Node.js']",Advanced,5 weeks,https://example.com/courses/185,3.6
course_0186,Advanced Penetration Testing,Coursera,Learn Penetration Testing from scratch. This course guides you through industry tools and more with practical examples.,['Penetration Testing'],Advanced,12 weeks,https://example.com/courses/186,4.6
course_0187,Introduction to Testing,Udacity,Master Testing and industry tools with this comprehensive course. Learn best practices and build real-world projects.,['Testing'],Advanced,7 weeks,https://example.com/courses/187,4.5
course_0188,Advanced Communication and JavaScript,edX,Master Communication and JavaScript with this comprehensive course. Learn best practices and build real-world projects.,"['Communication', 'JavaScript']",Intermediate,7 weeks,https://example.com/courses/188,3.7
course_0189,Mastering Git and Selenium,DataCamp,Become an expert in Git with this intensive training. Includes hands-on labs using Selenium.,"['Git', 'Selenium']",Advanced,12 weeks,https://example.com/courses/189,4.5
course_0190,Learn Statistics and Product Strategy,DataCamp,Become an expert in Statistics with this intensive training. Includes hands-on labs using Product Strategy.,"['Statistics', 'Product Strategy', 'Cloud Computing']",Beginner,11 weeks,https://example.com/courses/190,4.5
course_0191,The Complete Guide to API Design and JIRA,Udemy,Advanced specialization in API Design. Deep dive into JIRA and master industry-standard tools.,"['API Design', 'JIRA', 'React']",Advanced,4 weeks,https://example.com/courses/191,5.0
course_0192,Introduction to NoSQL and API Design,Codecademy,Become an expert in NoSQL with this intensive training. Includes hands-on labs using API Design.,"['NoSQL', 'API Design']",Intermediate,8 weeks,https://example.com/courses/192,3.9
course_0193,Professional Scripting and Roadmapping,edX,This course covers the fundamentals of Scripting and advances to complex topics in Roadmapping. Perfect for beginners and intermediates.,"['Scripting', 'Roadmapping']",Advanced,11 weeks,https://example.com/courses/193,4.4
course_0194,The Complete Guide to Networking and Penetration Testing,Udacity,This course covers the fundamentals of Networking and advances to complex topics in Penetration Testing. Perfect for beginners and intermediates.,"['Networking', 'Penetration Testing', 'Data Analysis']",Beginner,5 weeks,https://example.com/courses/194,4.2
course_0195,Learn Figma,edX,Learn Figma from scratch. This course guides you through industry tools and more with practical examples.,['Figma'],Intermediate,8 weeks,https://example.com/courses/195,3.7
course_0196,Learn Cloud Computing and NoSQL,DataCamp,Master Cloud Computing and NoSQL with this comprehensive course. Learn best practices and build real-world projects.,"['Cloud Computing', 'NoSQL', 'Jenkins']",Intermediate,12 weeks,https://example.com/courses/196,3.7
course_0197,Learn Python and Java,Pluralsight,Master Python and Java with this comprehensive course. Learn best practices and build real-world projects.,"['Python', 'Java', 'Responsive Design']",Intermediate,5 weeks,https://example.com/courses/197,3.7
course_0198,Mastering Node.js and React,Coursera,Master Node.js and React with this comprehensive course. Learn best practices and build real-world projects.,"['Node.js', 'React']",Advanced,6 weeks,https://example.com/courses/198,3.5
course_0199,Advanced Firewalls,Pluralsight,Master Firewalls and industry tools with this comprehensive course. Learn best practices and build real-world projects.,['Firewalls'],Beginner,8 weeks,https://example.com/courses/199,3.9
course_0200,Advanced MLOps and Scikit-learn,Pluralsight,Become an expert in MLOps with this intensive training. Includes hands-on labs using Scikit-learn.,"['MLOps', 'Scikit-learn']",Advanced,10 weeks,https://example.com/courses/200,4.3
